stock_name,pe,pb,net_profit_margin,roe,debt_to_equity,beta
AAPL,36.3511,62.2048,23.97,164.59,1.8881,0.9519221
GOOGL,29.8562,6.1947,24.01,26.040000000000003,0.0516,1.064209
MSFT,35.4586,12.6466,35.96,32.83,0.2934,1.1661574
AMZN,73.0417,7.7778,5.29,15.07,0.4257,1.4055897
NVDA,121.1004,35.8994,48.85,69.24,0.2259,3.0839698
